id,firstName,lastName,email,position,salary,department
1,Patrick,Ramirez,patrick.ramirez@example.com,Press sub,63724,HR
2,Martin,Crotty,martin.crotty@example.com,Chartered accountant,74497,Design
3,Robert,Mauldin,robert.mauldin@example.com,Sales executive,55622,Support
4,Micheal,Motes,micheal.motes@example.com,Tree surgeon,82807,Design
5,Margaret,Miles,margaret.miles@example.com,Consulting civil engineer,97398,HR
6,Brenda,Hernandez,brenda.hernandez@example.com,Market researcher,48579,Support
7,Ellyn,Kirby,ellyn.kirby@example.com,Patent examiner,40922,Support
8,Glen,Mcmillan,glen.mcmillan@example.com,Retail manager,60818,Marketing
9,Roger,Smith,roger.smith@example.com,Clinical research associate,95018,Engineering
10,Myrtle,Lovin,myrtle.lovin@example.com,"Teacher, adult education",76980,Marketing
11,Charles,Rodriguez,charles.rodriguez@example.com,Advertising art director,51722,HR
12,Trevor,Boyden,trevor.boyden@example.com,Banker,99272,Finance
13,Janice,Popp,janice.popp@example.com,Publishing rights manager,58846,Other
14,Jose,Peters,jose.peters@example.com,Surgeon,66887,Finance
15,Anthony,Bonin,anthony.bonin@example.com,Hospital pharmacist,51338,Other
16,Danita,Johnston,danita.johnston@example.com,Customer service manager,72003,Sales
17,Samantha,Tang,samantha.tang@example.com,Medical physicist,77456,Sales
18,Ronald,Jones,ronald.jones@example.com,Control and instrumentation engineer,97485,Sales
19,Caryn,Jackson,caryn.jackson@example.com,Sub,98044,Engineering
20,Andrew,Brower,andrew.brower@example.com,"Engineer, production",77188,Management
21,Phyllis,Lee,phyllis.lee@example.com,"Psychologist, forensic",41622,HR
22,Rochelle,Cox,rochelle.cox@example.com,Petroleum engineer,75271,Data Analysis
23,Ryan,Lillard,ryan.lillard@example.com,Corporate treasurer,95268,Marketing
24,Joseph,Bailey,joseph.bailey@example.com,Textile designer,83101,Finance
25,Pamela,Edward,pamela.edward@example.com,"Engineer, mining",46533,Marketing
26,Carol,Snyder,carol.snyder@example.com,Publishing rights manager,72022,Other
27,Karen,Fralin,karen.fralin@example.com,Environmental manager,85577,Sales
28,Heather,Higginson,heather.higginson@example.com,Fish farm manager,90673,Finance
29,James,Mccowan,james.mccowan@example.com,Health and safety inspector,85370,Design
30,Daniel,Bickerstaff,daniel.bickerstaff@example.com,Ranger/warden,56221,Other
31,Gregory,Carpenter,gregory.carpenter@example.com,Clinical research associate,75885,Design
32,Roy,Voyer,roy.voyer@example.com,Mudlogger,73627,Support
33,Albert,Anderson,albert.anderson@example.com,"Psychotherapist, dance movement",58089,Marketing
34,Laura,Shaffer,laura.shaffer@example.com,"Teacher, music",52781,Management
35,Maria,Burger,maria.burger@example.com,Clinical biochemist,70606,Design
36,Thomas,Atkins,thomas.atkins@example.com,Radio producer,51955,Design
37,Mary,Pinney,mary.pinney@example.com,Publishing rights manager,46538,Data Analysis
38,Lona,Jorgenson,lona.jorgenson@example.com,Radio producer,62537,Sales
39,Karla,Shepard,karla.shepard@example.com,Purchasing manager,62472,Management
40,Gary,Gallardo,gary.gallardo@example.com,Academic librarian,68836,Finance
41,Philip,Franks,philip.franks@example.com,Make,64549,Support
42,Heather,Bond,heather.bond@example.com,Television/film/video producer,99524,Marketing
43,Cheryl,Jorgensen,cheryl.jorgensen@example.com,Patent attorney,83154,Other
44,Robert,Coster,robert.coster@example.com,"Teacher, adult education",42473,Engineering
45,Brian,Cesari,brian.cesari@example.com,"Engineer, maintenance (IT)",40421,Engineering
46,Gertrude,Norrod,gertrude.norrod@example.com,Retail merchandiser,40750,Marketing
47,Earl,Wright,earl.wright@example.com,Minerals surveyor,55314,HR
48,James,Thyng,james.thyng@example.com,Chief Operating Officer,73195,Management
49,Reuben,Perez,reuben.perez@example.com,Hospital doctor,92397,HR
50,William,Sherman,william.sherman@example.com,"Lecturer, further education",56080,Marketing
51,Pearlie,Morrell,pearlie.morrell@example.com,"Accountant, chartered management",58743,Other
52,Arthur,Stapleton,arthur.stapleton@example.com,"Production designer, theatre/television/film",79554,Engineering
53,Alma,Spears,alma.spears@example.com,Orthoptist,68244,Data Analysis
54,Kali,Parr,kali.parr@example.com,Public relations officer,77174,HR
55,Jack,Hofmann,jack.hofmann@example.com,Biomedical scientist,72011,Design
56,John,Hanway,john.hanway@example.com,"Engineer, agricultural",99490,Data Analysis
57,Carol,Reagin,carol.reagin@example.com,Best boy,71949,Management
58,Isaac,Devito,isaac.devito@example.com,Production manager,95021,Engineering
59,Bertha,Lankford,bertha.lankford@example.com,Arts administrator,54033,Engineering
60,Tyrone,Atwood,tyrone.atwood@example.com,Manufacturing engineer,90552,Other
61,Alexandria,Anderson,alexandria.anderson@example.com,Statistician,88195,Engineering
62,Mindy,Suarez,mindy.suarez@example.com,Community education officer,51020,HR
63,Pamela,Shelton,pamela.shelton@example.com,"Geneticist, molecular",58748,Engineering
64,Craig,Heling,craig.heling@example.com,Paramedic,75044,HR
65,Breanna,Marshall,breanna.marshall@example.com,Legal executive,50182,Other
66,Tammy,Kotas,tammy.kotas@example.com,Hydrographic surveyor,76680,Engineering
67,Michael,Sandoval,michael.sandoval@example.com,Stage manager,74423,Finance
68,Jason,Johnson,jason.johnson@example.com,Child psychotherapist,47482,Data Analysis
69,Louis,Borman,louis.borman@example.com,Chief Financial Officer,49713,Engineering
70,Ethel,Gonzales,ethel.gonzales@example.com,Best boy,45723,Management
71,Shari,Foss,shari.foss@example.com,Clinical psychologist,86421,HR
72,Timothy,Parise,timothy.parise@example.com,Bonds trader,55211,Management
73,Earlene,Gilmore,earlene.gilmore@example.com,Agricultural consultant,41271,Marketing
74,Mary,Santana,mary.santana@example.com,"Conservator, museum/gallery",85112,Finance
75,Emmanuel,Garnett,emmanuel.garnett@example.com,Health and safety adviser,93070,Engineering
76,Ricky,Engel,ricky.engel@example.com,"Engineer, manufacturing systems",58379,Sales
77,Robert,Peters,robert.peters@example.com,Tax inspector,81399,HR
78,Pamela,Johnson,pamela.johnson@example.com,English as a second language teacher,84856,Sales
79,Linda,Breen,linda.breen@example.com,Data scientist,78237,Sales
80,Judy,Eversole,judy.eversole@example.com,Music tutor,69398,Management
81,Nancy,Mewborn,nancy.mewborn@example.com,"Designer, interior/spatial",41631,Data Analysis
82,Richard,Brogan,richard.brogan@example.com,Community education officer,65864,Other
83,Frances,Poland,frances.poland@example.com,Occupational therapist,63753,Sales
84,Jodi,Lampley,jodi.lampley@example.com,"Surveyor, minerals",69068,Other
85,Jeffrey,Strawderman,jeffrey.strawderman@example.com,"Nurse, adult",79250,Marketing
86,Deandre,Mitchel,deandre.mitchel@example.com,"Sound technician, broadcasting/film/video",47594,Other
87,Jillian,Jones,jillian.jones@example.com,Call centre manager,67660,Data Analysis
88,William,Meissner,william.meissner@example.com,Barrister's clerk,47294,Finance
89,Bonnie,Johnson,bonnie.johnson@example.com,Theatre director,51839,Design
90,John,Blood,john.blood@example.com,Make,52179,Other
91,Jerry,Wallace,jerry.wallace@example.com,Occupational therapist,99817,Management
92,Michelle,Chilton,michelle.chilton@example.com,Interior and spatial designer,40806,Finance
93,Frances,Broughton,frances.broughton@example.com,Aeronautical engineer,74636,Support
94,Frances,Oliver,frances.oliver@example.com,Television production assistant,88442,Other
95,Maryann,Adams,maryann.adams@example.com,Occupational therapist,93371,Engineering
96,Karen,Diggs,karen.diggs@example.com,"Administrator, sports",84970,Other
97,Sharonda,Pabon,sharonda.pabon@example.com,Film/video editor,83932,Finance
98,Donald,Campbell,donald.campbell@example.com,Health promotion specialist,64536,Data Analysis
99,William,Perry,william.perry@example.com,Minerals surveyor,42534,Finance
100,Betty,Pendergrass,betty.pendergrass@example.com,Pensions consultant,95703,Support
101,Terry,Teel,terry.teel@example.com,"Designer, graphic",52204,Design
102,Francisco,Jones,francisco.jones@example.com,"Programmer, multimedia",47250,Management
103,Nora,Abrams,nora.abrams@example.com,Biomedical engineer,91733,Data Analysis
104,Jose,Jones,jose.jones@example.com,Armed forces operational officer,49848,Sales
105,Debbie,Frazier,debbie.frazier@example.com,"Programme researcher, broadcasting/film/video",73983,Management
106,Joseph,Edmondson,joseph.edmondson@example.com,"Librarian, public",71616,Management
107,John,Derrickson,john.derrickson@example.com,Exhibition designer,53239,Support
108,James,Bounds,james.bounds@example.com,Fitness centre manager,83255,Management
109,Tina,Marrara,tina.marrara@example.com,"Scientist, marine",78412,Support
110,Lyman,Losoya,lyman.losoya@example.com,Maintenance engineer,76083,HR
111,Clyde,Harrison,clyde.harrison@example.com,Drilling engineer,67958,Data Analysis
112,Pamela,Reed,pamela.reed@example.com,Television/film/video producer,67693,Sales
113,Ricardo,Debo,ricardo.debo@example.com,Chief Strategy Officer,99058,Management
114,Richard,Rubio,richard.rubio@example.com,"Librarian, academic",56612,Finance
115,Richard,Lockett,richard.lockett@example.com,"Secretary, company",83230,Sales
116,James,Fifield,james.fifield@example.com,"Surveyor, land/geomatics",47085,Engineering
117,Yvonne,Devoe,yvonne.devoe@example.com,Multimedia specialist,86652,Engineering
118,Martin,Futrell,martin.futrell@example.com,Artist,81412,Marketing
119,Rosalinda,Morris,rosalinda.morris@example.com,Health visitor,90570,Engineering
120,Angela,Kuykendall,angela.kuykendall@example.com,Graphic designer,91259,Engineering
121,Frank,Ebert,frank.ebert@example.com,Quality manager,99093,Management
122,Debra,Ammerman,debra.ammerman@example.com,"Therapist, music",78096,Finance
123,Cynthia,Dame,cynthia.dame@example.com,Telecommunications researcher,62823,Data Analysis
124,Cynthia,Keenan,cynthia.keenan@example.com,Barrister's clerk,96997,Finance
125,Jenny,Dunlap,jenny.dunlap@example.com,Quantity surveyor,65427,Sales
126,Linda,Choiniere,linda.choiniere@example.com,"Scientist, research (life sciences)",80793,Marketing
127,June,Christenson,june.christenson@example.com,Psychotherapist,74873,Other
128,Rachel,Larson,rachel.larson@example.com,Furniture conservator/restorer,53526,Other
129,Kristi,Harris,kristi.harris@example.com,Sports administrator,50030,Design
130,Stephanie,Iverson,stephanie.iverson@example.com,"Administrator, Civil Service",70974,Sales
131,Christine,Lewis,christine.lewis@example.com,Hospital doctor,54988,HR
132,Michelle,Mcgowan,michelle.mcgowan@example.com,"Teacher, adult education",98366,Engineering
133,Stacy,Sorum,stacy.sorum@example.com,Plant breeder/geneticist,95600,Management
134,Kenneth,Albury,kenneth.albury@example.com,Sports coach,43176,Management
135,Pearl,Pursley,pearl.pursley@example.com,"Journalist, broadcasting",64153,Design
136,Melvin,Green,melvin.green@example.com,Product manager,70631,Support
137,Lori,Kivett,lori.kivett@example.com,Diagnostic radiographer,44414,Finance
138,Deborah,Cisneros,deborah.cisneros@example.com,Public house manager,81225,Marketing
139,Garrett,Mcnolty,garrett.mcnolty@example.com,Quarry manager,76028,Management
140,William,Landaverde,william.landaverde@example.com,Amenity horticulturist,74235,Other
141,Vern,Tanner,vern.tanner@example.com,"Surveyor, hydrographic",97426,Data Analysis
142,Jane,Merwin,jane.merwin@example.com,"Radiographer, diagnostic",81989,Other
143,Randall,Bryant,randall.bryant@example.com,"Teacher, music",51515,HR
144,Lea,Karr,lea.karr@example.com,"Designer, industrial/product",58230,Marketing
145,Charlotte,Cox,charlotte.cox@example.com,"Lecturer, further education",55869,Support
146,Danny,Blais,danny.blais@example.com,Osteopath,63500,Engineering
147,Joseph,Simmons,joseph.simmons@example.com,Accounting technician,98739,Design
148,Alma,Watkins,alma.watkins@example.com,Television camera operator,64545,Marketing
149,Linda,Beyer,linda.beyer@example.com,Landscape architect,83518,Support
150,Kristen,White,kristen.white@example.com,Medical physicist,54577,Other
151,Carol,Dunfee,carol.dunfee@example.com,Environmental consultant,98146,Design
152,Charles,Costa,charles.costa@example.com,Writer,92298,Finance
153,Patricia,Simens,patricia.simens@example.com,Sub,96453,Design
154,Debra,Krueger,debra.krueger@example.com,"Nurse, adult",54914,Sales
155,Lupe,Gary,lupe.gary@example.com,Music tutor,92578,Engineering
156,Jonathan,Underdown,jonathan.underdown@example.com,Film/video editor,99374,Design
157,Michael,Stuckey,michael.stuckey@example.com,Seismic interpreter,97969,Design
158,Napoleon,Herstad,napoleon.herstad@example.com,Visual merchandiser,41779,Management
159,Stephanie,Ranta,stephanie.ranta@example.com,Broadcast engineer,90105,HR
160,Gregory,Green,gregory.green@example.com,International aid/development worker,83411,Other
161,Michael,Silva,michael.silva@example.com,Retail merchandiser,51105,Other
162,Edith,Vega,edith.vega@example.com,Patent attorney,46661,Management
163,Kirk,Papay,kirk.papay@example.com,Physiotherapist,67249,Data Analysis
164,Lila,Saur,lila.saur@example.com,Multimedia programmer,44167,Sales
165,Brenda,Shaffer,brenda.shaffer@example.com,Oceanographer,52561,Support
166,Rachel,Gaston,rachel.gaston@example.com,"Engineer, petroleum",85847,HR
167,Charmain,Wood,charmain.wood@example.com,Mental health nurse,64635,Marketing
168,Laura,Barham,laura.barham@example.com,General practice doctor,73370,Engineering
169,Ebony,Arvizu,ebony.arvizu@example.com,"Engineer, mining",92073,Management
170,Ruby,Smith,ruby.smith@example.com,Dietitian,54573,Support
171,John,Hakes,john.hakes@example.com,Barista,77928,Engineering
172,Cynthia,Seedorf,cynthia.seedorf@example.com,Financial adviser,48590,HR
173,Melanie,White,melanie.white@example.com,"Engineer, biomedical",86550,Support
174,Meredith,Springer,meredith.springer@example.com,"Scientist, biomedical",99432,Management
175,Francisco,Matthews,francisco.matthews@example.com,Emergency planning/management officer,82386,Design
176,Frank,Gutierrez,frank.gutierrez@example.com,"Therapist, speech and language",55707,Other
177,Rhett,Gilmore,rhett.gilmore@example.com,Advice worker,66994,Engineering
178,Renee,Skiles,renee.skiles@example.com,Licensed conveyancer,84015,Sales
179,Hallie,Williams,hallie.williams@example.com,Warden/ranger,54105,Marketing
180,Erica,Moreno,erica.moreno@example.com,Local government officer,62359,Finance
181,Louis,Cooper,louis.cooper@example.com,Community development worker,57747,Support
182,Maria,Pharis,maria.pharis@example.com,Petroleum engineer,89223,Support
183,Teresa,Zucco,teresa.zucco@example.com,Chief Technology Officer,72957,Other
184,Howard,Hankins,howard.hankins@example.com,Wellsite geologist,68905,Support
185,Gerald,Owens,gerald.owens@example.com,Pension scheme manager,67571,Marketing
186,Vance,Sherman,vance.sherman@example.com,Early years teacher,92914,Engineering
187,Julio,Lile,julio.lile@example.com,Mechanical engineer,61254,Other
188,Phillip,Jalbert,phillip.jalbert@example.com,English as a second language teacher,65604,Other
189,Fredrick,Ortiz,fredrick.ortiz@example.com,Logistics and distribution manager,99990,Management
190,Samuel,Slagle,samuel.slagle@example.com,Astronomer,54031,Finance
191,Linda,Robey,linda.robey@example.com,Building surveyor,96142,Support
192,George,Hanke,george.hanke@example.com,Health visitor,82893,Data Analysis
193,Mary,Figueroa,mary.figueroa@example.com,Conference centre manager,70729,Design
194,Joni,Kostrzewa,joni.kostrzewa@example.com,"Engineer, site",64244,Data Analysis
195,Devin,Doward,devin.doward@example.com,Network engineer,96500,Management
196,Arthur,Kulesa,arthur.kulesa@example.com,"Education officer, museum",84884,Sales
197,Barbara,Brown,barbara.brown@example.com,Health and safety adviser,88478,Engineering
198,Francisca,Benevides,francisca.benevides@example.com,Armed forces training and education officer,66856,Support
199,Ronald,Rodriguez,ronald.rodriguez@example.com,Air traffic controller,87404,Support
200,Charles,Kevan,charles.kevan@example.com,"Therapist, drama",57418,Design
201,Norine,Timko,norine.timko@example.com,"Production assistant, radio",80423,Support
202,Evan,Gann,evan.gann@example.com,Medical physicist,94760,Design
203,Herman,Crotty,herman.crotty@example.com,Housing manager/officer,84908,Engineering
204,William,Cochran,william.cochran@example.com,"Surveyor, quantity",46339,Management
205,Casey,Hampton,casey.hampton@example.com,Chief Executive Officer,75619,Data Analysis
206,Treva,Young,treva.young@example.com,Science writer,44696,Data Analysis
207,Pauline,Edwards,pauline.edwards@example.com,Building surveyor,89960,Sales
208,Virginia,Vaughn,virginia.vaughn@example.com,Futures trader,93985,Design
209,Mitchell,Mitchell,mitchell.mitchell@example.com,Press photographer,71874,Other
210,Juan,Stovall,juan.stovall@example.com,Architect,96201,Management
211,Matthew,Ryder,matthew.ryder@example.com,Jewellery designer,99702,Other
212,Bill,Depeyster,bill.depeyster@example.com,Ecologist,65496,Sales
213,Tim,Haag,tim.haag@example.com,Health and safety inspector,75256,Management
214,Amanda,Love,amanda.love@example.com,Research scientist (medical),90422,Support
215,Miriam,Hale,miriam.hale@example.com,Multimedia programmer,43898,Data Analysis
216,Amos,Freeman,amos.freeman@example.com,Leisure centre manager,46090,Finance
217,Paul,Fitts,paul.fitts@example.com,Chief of Staff,90224,Design
218,Michael,Houston,michael.houston@example.com,"Psychologist, counselling",82440,HR
219,Iola,Jemison,iola.jemison@example.com,Community development worker,96978,Engineering
220,Marian,Judge,marian.judge@example.com,Radio broadcast assistant,41792,Finance
221,Patricia,Howard,patricia.howard@example.com,"Designer, television/film set",58302,Sales
222,Pearl,Joy,pearl.joy@example.com,Building services engineer,98045,Support
223,Stanley,Pavlosky,stanley.pavlosky@example.com,Corporate investment banker,56381,Management
224,Linda,Her,linda.her@example.com,Hydrogeologist,83424,Sales
225,Nancy,Banks,nancy.banks@example.com,Theatre manager,80033,Engineering
226,Donna,Gonzalez,donna.gonzalez@example.com,"Teacher, adult education",55644,Design
227,Dustin,Edwards,dustin.edwards@example.com,Regulatory affairs officer,70947,Engineering
228,Mario,Persad,mario.persad@example.com,Associate Professor,73770,Management
229,Monroe,Fox,monroe.fox@example.com,Patent attorney,62156,Support
230,Shawn,Swift,shawn.swift@example.com,Purchasing manager,76340,Engineering
231,Esther,Chen,esther.chen@example.com,"Embryologist, clinical",52218,Finance
232,Phyllis,Burris,phyllis.burris@example.com,Graphic designer,66636,Other
233,John,Vonderahe,john.vonderahe@example.com,Research scientist (life sciences),86669,Data Analysis
234,Gregory,Seamons,gregory.seamons@example.com,Commercial art gallery manager,87031,Engineering
235,Jason,Wines,jason.wines@example.com,Recycling officer,43727,Support
236,Nelda,Smith,nelda.smith@example.com,Production manager,67794,Other
237,Tami,Emmert,tami.emmert@example.com,Civil Service fast streamer,73039,Management
238,Rebecca,Powers,rebecca.powers@example.com,Communications engineer,99694,Data Analysis
239,Jenifer,Frost,jenifer.frost@example.com,"Programmer, applications",64387,Engineering
240,Helen,Henderson,helen.henderson@example.com,Site engineer,72485,Marketing
241,Gail,Turner,gail.turner@example.com,"Designer, blown glass/stained glass",96468,Design
242,Paulette,Drost,paulette.drost@example.com,"Accountant, chartered",61831,HR
243,Elias,Pemberton,elias.pemberton@example.com,Public librarian,46829,Support
244,Jocelyn,Aaberg,jocelyn.aaberg@example.com,Armed forces logistics/support/administrative officer,52280,Other
245,Bernadette,Flores,bernadette.flores@example.com,"Conservation officer, historic buildings",95519,Management
246,James,Fast,james.fast@example.com,Psychotherapist,88374,Engineering
247,Benjamin,Williams,benjamin.williams@example.com,"Administrator, sports",72904,HR
248,Randall,Simon,randall.simon@example.com,Engineering geologist,80462,Other
249,Maria,Long,maria.long@example.com,"Education officer, community",56610,Marketing
250,Kevin,Sturmer,kevin.sturmer@example.com,"Civil engineer, consulting",68772,Data Analysis
251,Mary,Hamilton,mary.hamilton@example.com,Careers information officer,49052,Management
252,Rhonda,Smith,rhonda.smith@example.com,"Surveyor, land/geomatics",73235,Sales
253,Ramona,Leonard,ramona.leonard@example.com,Adult guidance worker,40310,Finance
254,Mary,Thomas,mary.thomas@example.com,Audiological scientist,60790,Support
255,Jim,Smith,jim.smith@example.com,Chief Operating Officer,84337,Design
256,Keith,Love,keith.love@example.com,Publishing rights manager,66900,Marketing
257,Karen,Kutzner,karen.kutzner@example.com,Drilling engineer,44596,Marketing
258,Linda,Jenkins,linda.jenkins@example.com,Academic librarian,44393,Support
259,Daniel,Coggin,daniel.coggin@example.com,Retail banker,64685,Sales
260,Robert,Lollis,robert.lollis@example.com,Visual merchandiser,84623,Design
261,Doris,Castillo,doris.castillo@example.com,Ophthalmologist,84280,Design
262,Sylvia,Neal,sylvia.neal@example.com,"Production assistant, radio",45996,Other
263,Karon,Hickerson,karon.hickerson@example.com,Acupuncturist,56368,Engineering
264,Robert,Hoffmann,robert.hoffmann@example.com,Personnel officer,48442,Engineering
265,Charles,Lewandowski,charles.lewandowski@example.com,Accommodation manager,45646,Design
266,Adolph,Blair,adolph.blair@example.com,"Engineer, maintenance (IT)",43074,Support
267,Kristie,Jones,kristie.jones@example.com,Office manager,91809,Other
268,Stephen,Kornbluth,stephen.kornbluth@example.com,Further education lecturer,92323,Design
269,Wanda,Christie,wanda.christie@example.com,Optometrist,87570,Engineering
270,Betty,Hollis,betty.hollis@example.com,"Radiographer, therapeutic",82358,Design
271,Luis,Baumgartner,luis.baumgartner@example.com,TEFL teacher,40903,Finance
272,Kenneth,Rivera,kenneth.rivera@example.com,"Production assistant, television",70813,Data Analysis
273,Henry,Barajas,henry.barajas@example.com,General practice doctor,42193,Management
274,Dollie,Smith,dollie.smith@example.com,Music tutor,65330,Marketing
275,Ralph,Maddox,ralph.maddox@example.com,"Nurse, mental health",77785,Other
276,Joshua,Smith,joshua.smith@example.com,"Therapist, music",54978,Management
277,Catherine,Minion,catherine.minion@example.com,Data processing manager,77372,Marketing
278,Kimberly,Kirkpatrick,kimberly.kirkpatrick@example.com,"Engineer, communications",87575,Design
279,Michele,Walker,michele.walker@example.com,Make,96338,Other
280,Leslie,Daniels,leslie.daniels@example.com,Camera operator,82062,Sales
281,Dulce,Ramage,dulce.ramage@example.com,Higher education lecturer,81936,Management
282,Vincent,Durgan,vincent.durgan@example.com,Television production assistant,50095,Sales
283,Alice,Rodriguez,alice.rodriguez@example.com,"Producer, radio",42908,Finance
284,Dorothy,Whitener,dorothy.whitener@example.com,Patent examiner,90875,Design
285,Kenneth,Burns,kenneth.burns@example.com,Land,74413,Support
286,Gwendolyn,Poulin,gwendolyn.poulin@example.com,Financial trader,69417,Management
287,Virgil,Solomon,virgil.solomon@example.com,Comptroller,71870,HR
288,Kyle,Reynoso,kyle.reynoso@example.com,Best boy,68009,Data Analysis
289,Robert,Hall,robert.hall@example.com,Health service manager,69517,Sales
290,Virginia,Smith,virginia.smith@example.com,Catering manager,40087,Design
291,Heidi,Shoemaker,heidi.shoemaker@example.com,"Exhibitions officer, museum/gallery",96910,Design
292,Wanda,Dukich,wanda.dukich@example.com,Ship broker,60122,HR
293,Erica,Uong,erica.uong@example.com,Sales executive,96758,Support
294,Betty,Roesler,betty.roesler@example.com,"Engineer, manufacturing",65250,HR
295,Melissa,Harrison,melissa.harrison@example.com,Community development worker,82150,Engineering
296,Amanda,Nichelson,amanda.nichelson@example.com,Hydrographic surveyor,69833,HR
297,Wayne,Rocchio,wayne.rocchio@example.com,Chief Executive Officer,84379,Management
298,Kelly,Edson,kelly.edson@example.com,Clinical cytogeneticist,84824,Other
299,Yvone,Petersen,yvone.petersen@example.com,Clinical biochemist,99032,Management
300,Gary,Vinson,gary.vinson@example.com,Adult nurse,47296,Engineering
301,Sherman,Bond,sherman.bond@example.com,Waste management officer,54139,Data Analysis
302,Vera,Mcdonald,vera.mcdonald@example.com,Psychiatrist,99731,Finance
303,Lucy,Chafin,lucy.chafin@example.com,"Psychologist, counselling",48179,Other
304,Randall,Hughs,randall.hughs@example.com,Geophysical data processor,67945,Other
305,Jason,Junkins,jason.junkins@example.com,Broadcast presenter,47106,Finance
306,Frank,Plunkett,frank.plunkett@example.com,Public relations officer,92607,Marketing
307,Andrew,Keough,andrew.keough@example.com,Licensed conveyancer,90752,Sales
308,Sherrie,Beeson,sherrie.beeson@example.com,"Surveyor, mining",78502,Finance
309,Mark,Finn,mark.finn@example.com,Museum/gallery exhibitions officer,56872,Support
310,Peter,Dyer,peter.dyer@example.com,Art therapist,94961,Finance
311,Crystal,Weaver,crystal.weaver@example.com,Environmental consultant,43848,Support
312,Robert,Coulter,robert.coulter@example.com,Civil Service administrator,76924,Marketing
313,Kerri,Griffin,kerri.griffin@example.com,Special effects artist,94137,Other
314,Andrew,Whitaker,andrew.whitaker@example.com,Illustrator,75770,Sales
315,Earlene,Bonello,earlene.bonello@example.com,Museum education officer,74610,Engineering
316,Tom,Butcher,tom.butcher@example.com,Proofreader,93302,Support
317,Aubrey,Perdomo,aubrey.perdomo@example.com,"Programmer, applications",66460,Data Analysis
318,Sam,Reilly,sam.reilly@example.com,Ambulance person,66440,HR
319,Roger,Queal,roger.queal@example.com,"Psychologist, forensic",91735,Sales
320,Bernice,Bohland,bernice.bohland@example.com,Recruitment consultant,92766,Other
321,James,Habicht,james.habicht@example.com,"Scientist, forensic",92792,Marketing
322,Erma,Dewitt,erma.dewitt@example.com,"Engineer, communications",45154,Support
323,Pauline,Comeaux,pauline.comeaux@example.com,Risk analyst,96720,Data Analysis
324,James,Vandenberg,james.vandenberg@example.com,Civil Service fast streamer,86308,Design
325,Tara,Harrison,tara.harrison@example.com,"Engineer, manufacturing systems",93606,Design
326,Robert,Abrams,robert.abrams@example.com,Publishing rights manager,52345,Design
327,Rose,Clouser,rose.clouser@example.com,"Optician, dispensing",43972,Data Analysis
328,Juan,Gallegos,juan.gallegos@example.com,Media planner,58709,Sales
329,Lois,Wilson,lois.wilson@example.com,"Surveyor, commercial/residential",76364,Support
330,Thomas,Jones,thomas.jones@example.com,Public relations officer,86443,Engineering
331,Maribel,Henderson,maribel.henderson@example.com,Training and development officer,88987,Support
332,Victor,Campbell,victor.campbell@example.com,"Merchandiser, retail",42543,Data Analysis
333,William,Wilbur,william.wilbur@example.com,"Radiographer, diagnostic",88543,Finance
334,Samuel,Rainforth,samuel.rainforth@example.com,Psychiatric nurse,96774,Marketing
335,Steve,Pratt,steve.pratt@example.com,Health promotion specialist,95126,Other
336,Jason,Dowling,jason.dowling@example.com,"Surveyor, quantity",66878,HR
337,Alina,Abram,alina.abram@example.com,Chartered management accountant,98024,Marketing
338,Jennifer,Ambrose,jennifer.ambrose@example.com,Holiday representative,70882,Finance
339,Robert,Vega,robert.vega@example.com,"Psychologist, sport and exercise",52695,HR
340,Alfred,Netto,alfred.netto@example.com,Speech and language therapist,72695,Engineering
341,Christina,Taylor,christina.taylor@example.com,Solicitor,88826,Sales
342,Frank,Holt,frank.holt@example.com,"Programmer, applications",57324,HR
343,Hubert,Graves,hubert.graves@example.com,"Programmer, systems",93818,Marketing
344,Barbara,Holford,barbara.holford@example.com,"Nurse, mental health",87809,Design
345,Johnnie,Bala,johnnie.bala@example.com,Waste management officer,58382,Engineering
346,Jacqueline,Wing,jacqueline.wing@example.com,"Education officer, museum",98609,HR
347,Anthony,Mcferren,anthony.mcferren@example.com,Ship broker,56301,Data Analysis
348,Claudia,Lubinski,claudia.lubinski@example.com,Housing manager/officer,91412,Support
349,Mary,Drake,mary.drake@example.com,Paramedic,71786,Management
350,Melvin,Olds,melvin.olds@example.com,Trade union research officer,78699,Finance
351,Richard,Ohara,richard.ohara@example.com,"Clinical scientist, histocompatibility and immunogenetics",96026,Finance
352,Nick,Leishman,nick.leishman@example.com,"Merchandiser, retail",66047,Other
353,Mary,Stevens,mary.stevens@example.com,Fine artist,98334,Finance
354,Tiffany,Johnson,tiffany.johnson@example.com,"Pilot, airline",76966,Design
355,Mitchell,Williams,mitchell.williams@example.com,Maintenance engineer,72699,Sales
356,Jose,Sellers,jose.sellers@example.com,Media planner,66357,Data Analysis
357,Rosario,Speece,rosario.speece@example.com,"Programme researcher, broadcasting/film/video",63893,HR
358,Louis,Johnson,louis.johnson@example.com,Paediatric nurse,53204,Finance
359,Robert,Hudson,robert.hudson@example.com,Research scientist (life sciences),72190,Support
360,Julia,Ross,julia.ross@example.com,Training and development officer,81807,Marketing
361,David,Pingrey,david.pingrey@example.com,Call centre manager,50265,Marketing
362,Dollie,Cox,dollie.cox@example.com,"Psychologist, prison and probation services",53604,Sales
363,Johna,Knapp,johna.knapp@example.com,"Engineer, petroleum",53116,Support
364,Estela,Benton,estela.benton@example.com,"Engineer, water",48756,Design
365,Juan,Chandler,juan.chandler@example.com,Press sub,57516,HR
366,Anthony,Hicks,anthony.hicks@example.com,"Exhibitions officer, museum/gallery",87670,HR
367,Robert,Kulesa,robert.kulesa@example.com,Copy,84655,Management
368,Tracey,Destina,tracey.destina@example.com,Chartered public finance accountant,59945,Management
369,Kasey,Tracy,kasey.tracy@example.com,Architectural technologist,85016,Design
370,Charles,Ramirez,charles.ramirez@example.com,Music therapist,67317,Other
371,Darlene,Ake,darlene.ake@example.com,Production manager,61832,Finance
372,Betsy,Teruel,betsy.teruel@example.com,"Programmer, multimedia",90445,Support
373,Alton,Reeves,alton.reeves@example.com,Equality and diversity officer,98384,Management
374,Shirley,Mucciolo,shirley.mucciolo@example.com,"Scientist, research (physical sciences)",59165,HR
375,Lori,Rainey,lori.rainey@example.com,Agricultural consultant,43954,Sales
376,Loraine,Heras,loraine.heras@example.com,Air broker,62912,Management
377,Shelly,Fetterhoff,shelly.fetterhoff@example.com,Dealer,80194,Sales
378,Anthony,Crosby,anthony.crosby@example.com,Arts administrator,75450,Engineering
379,Luis,Keen,luis.keen@example.com,"Therapist, sports",69884,Design
380,Marjorie,Pollak,marjorie.pollak@example.com,"Engineer, agricultural",91832,Support
381,Vernell,Crane,vernell.crane@example.com,Diagnostic radiographer,83080,Engineering
382,Christina,Boyd,christina.boyd@example.com,Aid worker,77882,Sales
383,Meredith,Perez,meredith.perez@example.com,"Administrator, charities/voluntary organisations",56283,Engineering
384,Lloyd,Derrick,lloyd.derrick@example.com,Clothing/textile technologist,41069,Support
385,Irene,Springfield,irene.springfield@example.com,"Loss adjuster, chartered",63570,Other
386,Mary,Kirk,mary.kirk@example.com,"Conservator, furniture",56417,Management
387,Joyce,Carter,joyce.carter@example.com,Solicitor,51849,Finance
388,Theresa,Sharp,theresa.sharp@example.com,"Teacher, English as a foreign language",94798,Sales
389,Brigitte,Gentges,brigitte.gentges@example.com,"Designer, fashion/clothing",42528,Design
390,Karen,Powell,karen.powell@example.com,Midwife,99432,Finance
391,Robbie,Garza,robbie.garza@example.com,Building control surveyor,95124,Design
392,Jesse,Johnson,jesse.johnson@example.com,Camera operator,85583,Finance
393,Dean,Kaiser,dean.kaiser@example.com,Health service manager,60255,Support
394,Bette,Vega,bette.vega@example.com,Animator,64951,Data Analysis
395,Betty,Nievas,betty.nievas@example.com,Social worker,43245,Other
396,Catherine,Black,catherine.black@example.com,"Engineer, petroleum",87145,HR
397,Richard,Long,richard.long@example.com,Mental health nurse,91419,Data Analysis
398,Joel,Edminster,joel.edminster@example.com,Education administrator,68490,Management
399,Stacy,Wise,stacy.wise@example.com,"Conservation officer, historic buildings",72212,Management
400,Mona,Demello,mona.demello@example.com,Insurance account manager,51456,Other
401,Barton,Martin,barton.martin@example.com,Mechanical engineer,75413,Management
402,Sarah,Comeau,sarah.comeau@example.com,Broadcast journalist,65576,Support
403,Robert,Woloszyn,robert.woloszyn@example.com,"Engineer, building services",87701,Other
404,David,Blanton,david.blanton@example.com,Claims inspector/assessor,86630,HR
405,Alisha,Holbert,alisha.holbert@example.com,Futures trader,72995,Marketing
406,Monica,Halsey,monica.halsey@example.com,"Programmer, systems",58114,Engineering
407,Patrick,Packer,patrick.packer@example.com,Computer games developer,68789,HR
408,Jeffrey,Pyle,jeffrey.pyle@example.com,Farm manager,68645,Data Analysis
409,Alison,Carlin,alison.carlin@example.com,Archivist,88138,Marketing
410,Dorothy,Hohnstein,dorothy.hohnstein@example.com,Rural practice surveyor,73821,Design
411,Sylvia,Bartolome,sylvia.bartolome@example.com,Merchant navy officer,62250,Other
412,Dennis,Dykes,dennis.dykes@example.com,"Exhibitions officer, museum/gallery",94631,HR
413,Edward,Asakura,edward.asakura@example.com,Insurance account manager,52259,Design
414,Antonette,Jarrard,antonette.jarrard@example.com,"Scientist, research (medical)",61390,HR
415,Ramona,Owen,ramona.owen@example.com,Operational investment banker,86607,Engineering
416,Trent,Carpenter,trent.carpenter@example.com,Dramatherapist,75510,Management
417,Michelle,Travis,michelle.travis@example.com,Retail buyer,58517,Management
418,Gina,Mason,gina.mason@example.com,"Civil engineer, consulting",75638,Design
419,Ashley,Strader,ashley.strader@example.com,"Scientist, audiological",49069,Sales
420,Mark,Easter,mark.easter@example.com,"Journalist, broadcasting",50123,Support
421,Georgia,Mazzotta,georgia.mazzotta@example.com,Technical brewer,49597,Engineering
422,Ruth,Turner,ruth.turner@example.com,"Programmer, multimedia",41217,Finance
423,William,Williams,william.williams@example.com,"Producer, radio",88624,Management
424,Brian,Thompson,brian.thompson@example.com,Adult guidance worker,67013,Engineering
425,Jack,Michaelis,jack.michaelis@example.com,Landscape architect,97965,Sales
426,Maria,Howard,maria.howard@example.com,"Chemist, analytical",72362,Marketing
427,Noe,Daus,noe.daus@example.com,Seismic interpreter,60347,Marketing
428,Tameka,Tejada,tameka.tejada@example.com,"Buyer, retail",96837,Data Analysis
429,Cindy,Macneil,cindy.macneil@example.com,Information systems manager,74492,Finance
430,Jon,Richard,jon.richard@example.com,Early years teacher,68867,Finance
431,Madge,Hanlon,madge.hanlon@example.com,"Scientist, research (physical sciences)",81941,Marketing
432,Charles,Appel,charles.appel@example.com,Metallurgist,99843,Management
433,Mario,Underwood,mario.underwood@example.com,Insurance risk surveyor,95121,Design
434,Catherine,Johnson,catherine.johnson@example.com,Animal nutritionist,53937,Marketing
435,Eugene,Stewart,eugene.stewart@example.com,Social worker,89275,Support
436,Byron,Mason,byron.mason@example.com,Optometrist,72259,Sales
437,Bryce,Frank,bryce.frank@example.com,Trade mark attorney,88982,Support
438,Willie,Walters,willie.walters@example.com,Toxicologist,89394,Finance
439,Darlene,Mays,darlene.mays@example.com,Sales promotion account executive,94061,Design
440,Joshua,Chase,joshua.chase@example.com,Systems developer,91098,Finance
441,William,Rhodes,william.rhodes@example.com,"Embryologist, clinical",47150,HR
442,Phyllis,Bullock,phyllis.bullock@example.com,"Accountant, chartered public finance",66565,Sales
443,Dustin,Simpkins,dustin.simpkins@example.com,Operations geologist,99003,Support
444,Denise,Edwards,denise.edwards@example.com,"Administrator, local government",89707,Support
445,Todd,Blechinger,todd.blechinger@example.com,Forest/woodland manager,40287,Design
446,Patricia,Renner,patricia.renner@example.com,Analytical chemist,90560,Management
447,Phillip,Dietz,phillip.dietz@example.com,Data scientist,57895,Design
448,Kathleen,Prudencio,kathleen.prudencio@example.com,Dramatherapist,55329,HR
449,Todd,Marshall,todd.marshall@example.com,"Engineer, aeronautical",97913,Finance
450,Peter,Smith,peter.smith@example.com,Secondary school teacher,93740,Marketing
451,Elizabeth,Anderson,elizabeth.anderson@example.com,"Restaurant manager, fast food",79404,Design
452,Michelle,Switzer,michelle.switzer@example.com,Leisure centre manager,92395,Support
453,Mildred,Fishman,mildred.fishman@example.com,Field seismologist,63392,Support
454,Darrell,Puotinen,darrell.puotinen@example.com,Fitness centre manager,85279,Engineering
455,Ivan,Aldridge,ivan.aldridge@example.com,Sales executive,48604,Sales
456,Lolita,Newton,lolita.newton@example.com,"Librarian, academic",55805,HR
457,Adam,Holliday,adam.holliday@example.com,Exhibition designer,44231,Sales
458,Valerie,Newsome,valerie.newsome@example.com,Metallurgist,81009,HR
459,Douglas,Hicks,douglas.hicks@example.com,Market researcher,55281,Sales
460,Thelma,Carroll,thelma.carroll@example.com,Statistician,66040,Design
461,Norman,Jackson,norman.jackson@example.com,Leisure centre manager,55301,Data Analysis
462,Patricia,Cox,patricia.cox@example.com,Animal technologist,68229,HR
463,Robert,Walters,robert.walters@example.com,Science writer,44932,HR
464,David,Meadows,david.meadows@example.com,Commercial horticulturist,61244,Other
465,Thomas,Bennett,thomas.bennett@example.com,Data scientist,60980,HR
466,Ronald,Larrow,ronald.larrow@example.com,Passenger transport manager,84683,Management
467,Debra,Hrbacek,debra.hrbacek@example.com,Marine scientist,66201,HR
468,Jerry,Sosa,jerry.sosa@example.com,Sports administrator,53269,Other
469,Peggy,Goodman,peggy.goodman@example.com,Oncologist,40165,Finance
470,Barbara,Deason,barbara.deason@example.com,Translator,78420,Finance
471,Thomas,Bazan,thomas.bazan@example.com,Heritage manager,42700,Data Analysis
472,Mildred,Allen,mildred.allen@example.com,Musician,63119,HR
473,Dennis,Perez,dennis.perez@example.com,Plant breeder/geneticist,98233,Marketing
474,Dean,Davis,dean.davis@example.com,Amenity horticulturist,97671,Finance
475,Wendy,Miyake,wendy.miyake@example.com,"Editor, film/video",64104,HR
476,Thomas,Worrell,thomas.worrell@example.com,Web designer,69071,Data Analysis
477,Shannon,Henry,shannon.henry@example.com,"Administrator, sports",98510,Management
478,Sherry,Horvath,sherry.horvath@example.com,TEFL teacher,74513,Engineering
479,Helen,Zacharias,helen.zacharias@example.com,Health and safety inspector,96154,Data Analysis
480,Martin,Davis,martin.davis@example.com,Food technologist,51028,Sales
481,Augustine,Norton,augustine.norton@example.com,Risk manager,63416,Management
482,Ashley,Wheeler,ashley.wheeler@example.com,"Engineer, mining",72847,HR
483,Williemae,Whitsett,williemae.whitsett@example.com,"Engineer, manufacturing",45420,Data Analysis
484,Robert,Myers,robert.myers@example.com,Neurosurgeon,74970,Marketing
485,Pauline,Shull,pauline.shull@example.com,"Journalist, broadcasting",97063,Engineering
486,Patrick,Groulx,patrick.groulx@example.com,Historic buildings inspector/conservation officer,93908,Data Analysis
487,Angela,Connors,angela.connors@example.com,Environmental manager,69887,Design
488,Justin,Upton,justin.upton@example.com,"Engineer, petroleum",99740,Sales
489,Lee,Musigdilok,lee.musigdilok@example.com,"Pharmacist, hospital",93580,Support
490,Samuel,Burgess,samuel.burgess@example.com,"Social research officer, government",85739,HR
491,Rebecca,Stiles,rebecca.stiles@example.com,Oceanographer,98166,Sales
492,Lou,Anderson,lou.anderson@example.com,Sport and exercise psychologist,54696,Management
493,Corazon,Johnson,corazon.johnson@example.com,Animal technologist,92808,Design
494,Joan,Madeira,joan.madeira@example.com,Advertising art director,97700,Finance
495,Alex,Kemper,alex.kemper@example.com,Herbalist,57802,Management
496,Olivia,Rhodes,olivia.rhodes@example.com,Field seismologist,43775,Management
497,Michael,Scott,michael.scott@example.com,"Psychologist, sport and exercise",80166,Support
498,David,Miller,david.miller@example.com,Mudlogger,58727,Management
499,William,Coggan,william.coggan@example.com,Architectural technologist,57725,Design
500,Emmett,Gerstner,emmett.gerstner@example.com,"Therapist, horticultural",54671,Management
501,Troy,Silver,troy.silver@example.com,Comptroller,63726,Support
502,Timothy,Gordon,timothy.gordon@example.com,"Civil engineer, contracting",81496,Other
503,Elizabeth,Milam,elizabeth.milam@example.com,Media buyer,48195,Design
504,Gwendolyn,Fuller,gwendolyn.fuller@example.com,Ecologist,43340,Finance
505,Wanda,Lamp,wanda.lamp@example.com,"Programme researcher, broadcasting/film/video",67963,Engineering
506,Chad,Wernimont,chad.wernimont@example.com,Advertising account planner,72752,Marketing
507,Joshua,Jimenez,joshua.jimenez@example.com,Jewellery designer,45343,Engineering
508,Susan,Beckem,susan.beckem@example.com,Television/film/video producer,66509,Engineering
509,Shane,Lowell,shane.lowell@example.com,"Lecturer, further education",96273,Marketing
510,Julie,Jenkins,julie.jenkins@example.com,"Engineer, manufacturing",92533,Support
511,Richard,Marshall,richard.marshall@example.com,"Administrator, sports",85441,Sales
512,Antone,Ortiz,antone.ortiz@example.com,Television production assistant,57686,Data Analysis
513,Lionel,Dailey,lionel.dailey@example.com,Diagnostic radiographer,83471,Finance
514,Albert,Fryar,albert.fryar@example.com,"Presenter, broadcasting",88580,Support
515,Anthony,Barrow,anthony.barrow@example.com,"Surveyor, mining",75566,Data Analysis
516,Blanca,Pelletier,blanca.pelletier@example.com,Research scientist (maths),70259,Engineering
517,Leona,Williams,leona.williams@example.com,Minerals surveyor,42805,Other
518,Michael,Beckman,michael.beckman@example.com,"Runner, broadcasting/film/video",45178,Engineering
519,Mike,Hamilton,mike.hamilton@example.com,"Engineer, mining",71461,Marketing
520,Shirley,Abramowitz,shirley.abramowitz@example.com,"Presenter, broadcasting",57966,Marketing
521,Kristie,Yokum,kristie.yokum@example.com,Community arts worker,73545,HR
522,Lynette,Tomczak,lynette.tomczak@example.com,English as a foreign language teacher,67938,Finance
523,Darrell,Nolan,darrell.nolan@example.com,Art therapist,99377,Finance
524,Kathleen,Rice,kathleen.rice@example.com,"Designer, exhibition/display",82904,Other
525,Michael,Lara,michael.lara@example.com,Chief of Staff,76551,Data Analysis
526,Randy,Lamb,randy.lamb@example.com,"Restaurant manager, fast food",99687,Support
527,Jeffrey,Quinn,jeffrey.quinn@example.com,"Conservation officer, nature",81510,Management
528,Shannon,Gerald,shannon.gerald@example.com,Commissioning editor,51800,Management
529,Anthony,Boissonneault,anthony.boissonneault@example.com,Manufacturing engineer,74775,Other
530,Joseph,Robinson,joseph.robinson@example.com,Site engineer,42064,Other
531,Betty,Carter,betty.carter@example.com,Geochemist,51037,Finance
532,Michael,Kerley,michael.kerley@example.com,Copy,88804,Engineering
533,Paul,Mcclain,paul.mcclain@example.com,Accommodation manager,59929,Support
534,Bobby,Marroguin,bobby.marroguin@example.com,Insurance underwriter,82587,Design
535,Scott,Benavides,scott.benavides@example.com,"Scientist, research (life sciences)",61727,Marketing
536,Azucena,Tanner,azucena.tanner@example.com,Professor Emeritus,41939,Marketing
537,Chad,Sieberg,chad.sieberg@example.com,"Designer, ceramics/pottery",54983,Finance
538,Richard,Taylor,richard.taylor@example.com,"Psychologist, counselling",77718,Marketing
539,Miriam,Jackson,miriam.jackson@example.com,Rural practice surveyor,86997,Support
540,Amber,Raney,amber.raney@example.com,"Lighting technician, broadcasting/film/video",46862,Engineering
541,Grace,Greene,grace.greene@example.com,Further education lecturer,81845,Other
542,William,Pruett,william.pruett@example.com,"Administrator, sports",99328,Sales
543,Samantha,Juelfs,samantha.juelfs@example.com,Automotive engineer,40121,Support
544,Fawn,Ponce,fawn.ponce@example.com,Museum/gallery conservator,95686,Support
545,Martha,Horvath,martha.horvath@example.com,Clinical molecular geneticist,65106,HR
546,Thomas,Wagner,thomas.wagner@example.com,Primary school teacher,40978,Design
547,Curtis,Campbell,curtis.campbell@example.com,"Merchandiser, retail",74537,Data Analysis
548,Donald,Wollenberg,donald.wollenberg@example.com,Trade union research officer,61277,Engineering
549,Jack,Ruby,jack.ruby@example.com,"Engineer, electronics",91855,Data Analysis
550,Martha,Gagne,martha.gagne@example.com,"Therapist, nutritional",48322,Other
551,Robert,Johnson,robert.johnson@example.com,Health visitor,82807,Data Analysis
552,Michael,Craig,michael.craig@example.com,"Buyer, industrial",96457,Management
553,Vincent,Jenkins,vincent.jenkins@example.com,"Surveyor, quantity",83039,Finance
554,Rafael,Pritchett,rafael.pritchett@example.com,Facilities manager,40418,Sales
555,Victoria,Arthur,victoria.arthur@example.com,"Editor, magazine features",42483,Design
556,Sergio,Blanton,sergio.blanton@example.com,Museum/gallery exhibitions officer,85978,Data Analysis
557,Angela,Johnson,angela.johnson@example.com,Oceanographer,80064,Data Analysis
558,Abram,Johnson,abram.johnson@example.com,Radiation protection practitioner,88414,HR
559,Charles,Fogarty,charles.fogarty@example.com,Commercial/residential surveyor,40248,Finance
560,Shane,Savage,shane.savage@example.com,"Horticulturist, commercial",47035,Design
561,Charles,Sams,charles.sams@example.com,Health and safety inspector,78769,Data Analysis
562,Tammy,Olson,tammy.olson@example.com,"Engineer, chemical",78549,Management
563,Pat,Reid,pat.reid@example.com,Hospital pharmacist,42364,Finance
564,Patrick,Lussier,patrick.lussier@example.com,Chief of Staff,81322,Management
565,Lillian,Pettie,lillian.pettie@example.com,"Scientist, water quality",62349,Engineering
566,Evia,Stines,evia.stines@example.com,Sub,82183,Finance
567,German,Botha,german.botha@example.com,Air traffic controller,90429,Design
568,Judy,Hall,judy.hall@example.com,Medical illustrator,83471,HR
569,Darla,Oconnor,darla.oconnor@example.com,Horticultural therapist,57457,Engineering
570,William,Itson,william.itson@example.com,Associate Professor,96400,Marketing
571,Beverly,Reeves,beverly.reeves@example.com,Technical brewer,80506,Data Analysis
572,Wilma,Corvin,wilma.corvin@example.com,Data processing manager,45559,HR
573,Betty,Bender,betty.bender@example.com,Administrator,90706,HR
574,Charlene,Andrews,charlene.andrews@example.com,"Scientist, forensic",86315,Engineering
575,Jeffrey,Probst,jeffrey.probst@example.com,Ranger/warden,68977,HR
576,Michael,Viard,michael.viard@example.com,"Loss adjuster, chartered",81924,Management
577,Jack,Badami,jack.badami@example.com,Hydrographic surveyor,62741,Finance
578,James,Peralta,james.peralta@example.com,"Civil engineer, contracting",75064,Finance
579,Earl,Caldwell,earl.caldwell@example.com,Forest/woodland manager,98067,Engineering
580,Kamilah,Webster,kamilah.webster@example.com,"Producer, radio",98849,HR
581,Julian,Wisdom,julian.wisdom@example.com,Armed forces logistics/support/administrative officer,78802,HR
582,Richard,Wilkins,richard.wilkins@example.com,Environmental education officer,61822,Marketing
583,Michael,Davis,michael.davis@example.com,Community education officer,55866,Sales
584,Phillip,Mckay,phillip.mckay@example.com,"Engineer, manufacturing systems",57044,Management
585,William,Cool,william.cool@example.com,Warehouse manager,52655,Finance
586,Nancy,Smith,nancy.smith@example.com,"Education officer, community",44746,Marketing
587,Darnell,Gordon,darnell.gordon@example.com,"Engineer, building services",66732,Data Analysis
588,Laura,Mcclure,laura.mcclure@example.com,Television floor manager,71660,Support
589,William,Frost,william.frost@example.com,"Engineer, structural",40328,HR
590,Thomas,Davenport,thomas.davenport@example.com,Health and safety inspector,97393,Marketing
591,Rudolf,Winchell,rudolf.winchell@example.com,Lawyer,49677,Finance
592,John,Washington,john.washington@example.com,Haematologist,42231,HR
593,Holly,Kennedy,holly.kennedy@example.com,Speech and language therapist,83869,Other
594,Michelle,Mccoy,michelle.mccoy@example.com,Public affairs consultant,86294,Finance
595,Walter,Rozier,walter.rozier@example.com,Dance movement psychotherapist,47890,Engineering
596,Mark,Rubottom,mark.rubottom@example.com,Technical author,51627,Marketing
597,Earnest,Ramirez,earnest.ramirez@example.com,Oceanographer,52315,Data Analysis
598,Glenda,Keith,glenda.keith@example.com,"Engineer, site",94083,HR
599,Carlos,Martin,carlos.martin@example.com,Database administrator,48382,Engineering
600,George,Moore,george.moore@example.com,Higher education careers adviser,91785,Data Analysis
601,Olympia,Valliant,olympia.valliant@example.com,Systems developer,52715,Other
602,Paul,Davenport,paul.davenport@example.com,"Psychologist, occupational",45456,Sales
603,James,Warren,james.warren@example.com,Lexicographer,63177,Engineering
604,Steve,Blanton,steve.blanton@example.com,Outdoor activities/education manager,92084,Sales
605,Joseph,Darr,joseph.darr@example.com,Financial risk analyst,53801,Design
606,Kris,Emerson,kris.emerson@example.com,Learning mentor,53522,Marketing
607,Jonathan,Carlo,jonathan.carlo@example.com,Investment analyst,90128,Other
608,Theresa,Tomas,theresa.tomas@example.com,Government social research officer,69493,Finance
609,James,Marsh,james.marsh@example.com,Aeronautical engineer,62101,Engineering
610,Henry,Bell,henry.bell@example.com,Hydrologist,44925,Engineering
611,Elizabeth,Miller,elizabeth.miller@example.com,Energy manager,55072,Engineering
612,Jean,Harris,jean.harris@example.com,Medical secretary,70052,Finance
613,Edward,Meyer,edward.meyer@example.com,"Surveyor, land/geomatics",59951,Sales
614,Helen,Brown,helen.brown@example.com,Structural engineer,44088,Engineering
615,Marcella,Nelson,marcella.nelson@example.com,"Presenter, broadcasting",44179,HR
616,Carlton,Rodriguez,carlton.rodriguez@example.com,Art therapist,51514,Marketing
617,Elizabeth,Mccarty,elizabeth.mccarty@example.com,Museum/gallery curator,52267,HR
618,Stephanie,Harper,stephanie.harper@example.com,"Biochemist, clinical",61413,Design
619,Mark,Andersen,mark.andersen@example.com,"Nurse, children's",47268,Marketing
620,Nathaniel,Weber,nathaniel.weber@example.com,Make,54177,Other
621,David,Schuler,david.schuler@example.com,Science writer,71308,Marketing
622,Helen,Edwards,helen.edwards@example.com,Corporate investment banker,80614,Management
623,Milagros,Barnes,milagros.barnes@example.com,"Lecturer, higher education",63782,Support
624,William,Muller,william.muller@example.com,Horticultural consultant,53501,Management
625,Michael,Brown,michael.brown@example.com,Agricultural consultant,74964,Management
626,Joseph,Johnson,joseph.johnson@example.com,Medical sales representative,64557,Sales
627,Andrea,Edwards,andrea.edwards@example.com,Electronics engineer,52089,Management
628,Frank,Nelson,frank.nelson@example.com,Chemical engineer,87507,Engineering
629,Reginald,Henderson,reginald.henderson@example.com,Immigration officer,99589,Data Analysis
630,Drew,Vasquez,drew.vasquez@example.com,Artist,61364,Design
631,Millie,Mcelyea,millie.mcelyea@example.com,Accounting technician,77850,Design
632,Ethel,Valentin,ethel.valentin@example.com,Sales executive,55283,Management
633,Richard,Howard,richard.howard@example.com,Minerals surveyor,66420,Data Analysis
634,Howard,Palmer,howard.palmer@example.com,Jewellery designer,98743,HR
635,Roger,Thompson,roger.thompson@example.com,Warden/ranger,69584,Design
636,Charles,Campbell,charles.campbell@example.com,Tourist information centre manager,72072,HR
637,Sylvia,Helm,sylvia.helm@example.com,"Scientist, research (physical sciences)",63512,HR
638,Jean,Farmer,jean.farmer@example.com,Air traffic controller,52435,Management
639,Harold,Salazar,harold.salazar@example.com,"Psychologist, sport and exercise",97257,Design
640,Ryan,Davidson,ryan.davidson@example.com,Industrial/product designer,40591,Sales
641,Christopher,Adkins,christopher.adkins@example.com,Osteopath,41545,HR
642,Karen,Mimaki,karen.mimaki@example.com,Museum/gallery conservator,98621,Finance
643,Warren,Alexander,warren.alexander@example.com,"Teacher, secondary school",76215,Finance
644,Kevin,Gilman,kevin.gilman@example.com,"Teacher, secondary school",61858,Management
645,Anderson,Kenkel,anderson.kenkel@example.com,"Producer, radio",71330,Support
646,Ruby,Mott,ruby.mott@example.com,IT sales professional,86264,Marketing
647,Christian,Thornton,christian.thornton@example.com,Tourism officer,94376,Management
648,Renita,Christopher,renita.christopher@example.com,"Nurse, learning disability",57050,Data Analysis
649,Peter,Ramsour,peter.ramsour@example.com,Media buyer,60090,Marketing
650,Michelle,Pratt,michelle.pratt@example.com,Pharmacologist,84886,Management
651,Lee,Wagner,lee.wagner@example.com,Exercise physiologist,87625,Finance
652,Michael,Wallace,michael.wallace@example.com,"Civil engineer, consulting",54467,Support
653,James,Pitts,james.pitts@example.com,Chief Marketing Officer,98295,Engineering
654,Edward,Perkins,edward.perkins@example.com,Haematologist,99243,Finance
655,Jeff,Araujo,jeff.araujo@example.com,Chief Marketing Officer,87383,Engineering
656,John,Borelli,john.borelli@example.com,IT technical support officer,86592,Design
657,Kim,Berry,kim.berry@example.com,Cartographer,45792,Design
658,Dale,Ortiz,dale.ortiz@example.com,Musician,90308,Marketing
659,William,Garcia,william.garcia@example.com,"Psychologist, educational",40722,Other
660,Lowell,Herr,lowell.herr@example.com,"Engineer, control and instrumentation",83935,Other
661,Jack,Goulden,jack.goulden@example.com,Building surveyor,62286,Management
662,Donald,Qualls,donald.qualls@example.com,"Education officer, community",95614,Support
663,Tracy,Miller,tracy.miller@example.com,Psychiatric nurse,52577,Data Analysis
664,Glynis,Barnes,glynis.barnes@example.com,Television floor manager,97623,Design
665,Robert,Diggs,robert.diggs@example.com,Telecommunications researcher,73632,Other
666,Rebecca,Mcfadden,rebecca.mcfadden@example.com,Research scientist (physical sciences),71618,Management
667,Micheal,Robinson,micheal.robinson@example.com,Regulatory affairs officer,73384,Other
668,James,Hood,james.hood@example.com,Electronics engineer,61200,Finance
669,Brad,Johnson,brad.johnson@example.com,Chartered accountant,60549,Support
670,Thomas,Correa,thomas.correa@example.com,Operations geologist,83083,Data Analysis
671,Harry,Trevino,harry.trevino@example.com,Operational researcher,43622,Engineering
672,Alan,Kook,alan.kook@example.com,Public relations account executive,62922,Support
673,Anna,Smith,anna.smith@example.com,"Scientist, physiological",47394,Finance
674,Edna,Mccoy,edna.mccoy@example.com,Health promotion specialist,67996,Design
675,Mary,Williams,mary.williams@example.com,Ceramics designer,63668,Design
676,Terry,Welte,terry.welte@example.com,"Engineer, petroleum",77352,Management
677,Kenneth,Hinz,kenneth.hinz@example.com,"Physicist, medical",45836,Management
678,Paul,Flatt,paul.flatt@example.com,"Designer, exhibition/display",98361,HR
679,Irene,Guernsey,irene.guernsey@example.com,Astronomer,82409,Design
680,Majorie,Ross,majorie.ross@example.com,Hospital doctor,45024,Finance
681,Barbara,Warner,barbara.warner@example.com,Geophysicist/field seismologist,91158,Data Analysis
682,Catherine,Beason,catherine.beason@example.com,Contracting civil engineer,51978,Marketing
683,Harry,Woolsey,harry.woolsey@example.com,"Horticulturist, commercial",55511,Finance
684,Laura,Jett,laura.jett@example.com,Technical author,70671,Marketing
685,Tom,Harris,tom.harris@example.com,Exhibition designer,45273,Marketing
686,Richard,Hu,richard.hu@example.com,Museum/gallery curator,44920,Marketing
687,Wesley,Picklesimer,wesley.picklesimer@example.com,"Copywriter, advertising",82419,Data Analysis
688,Amy,Mills,amy.mills@example.com,Trade mark attorney,41909,Other
689,Troy,Wiggins,troy.wiggins@example.com,Information officer,90310,Support
690,Frank,Austin,frank.austin@example.com,Musician,84729,Data Analysis
691,Marc,Robinson,marc.robinson@example.com,Water quality scientist,54644,Sales
692,Mary,Buckner,mary.buckner@example.com,Higher education lecturer,72541,Sales
693,Oscar,Diss,oscar.diss@example.com,Art therapist,86075,Data Analysis
694,Pamela,Lee,pamela.lee@example.com,Data processing manager,86780,Marketing
695,Roberta,Meacham,roberta.meacham@example.com,Government social research officer,44572,Engineering
696,Scotty,Koch,scotty.koch@example.com,Actuary,68187,Data Analysis
697,Rachel,Straton,rachel.straton@example.com,"Civil engineer, consulting",56634,Management
698,Richard,Dean,richard.dean@example.com,"Therapist, drama",56820,Other
699,Diane,Rutledge,diane.rutledge@example.com,"Presenter, broadcasting",57507,Management
700,Alicia,Brown,alicia.brown@example.com,Speech and language therapist,97459,Management
701,Nathaniel,Langley,nathaniel.langley@example.com,"Programmer, applications",48682,Sales
702,Russel,Dufrene,russel.dufrene@example.com,"Production designer, theatre/television/film",50821,Engineering
703,Kristen,Giron,kristen.giron@example.com,Pathologist,85599,Design
704,Robert,Sayer,robert.sayer@example.com,Armed forces training and education officer,60545,Support
705,Thomas,Decena,thomas.decena@example.com,Cartographer,43154,Marketing
706,June,Light,june.light@example.com,Copy,57138,Other
707,John,Sims,john.sims@example.com,"Therapist, speech and language",77813,Marketing
708,Thomas,Sullivan,thomas.sullivan@example.com,Insurance risk surveyor,53814,Finance
709,Carl,Carter,carl.carter@example.com,Dance movement psychotherapist,66221,Design
710,Lauren,Black,lauren.black@example.com,"Scientist, clinical (histocompatibility and immunogenetics)",71051,Marketing
711,Maurice,Brown,maurice.brown@example.com,Catering manager,42603,Finance
712,Charles,Encino,charles.encino@example.com,Futures trader,54015,Management
713,Mary,Mclaurin,mary.mclaurin@example.com,Chief Technology Officer,78299,Engineering
714,Cindy,Collingsworth,cindy.collingsworth@example.com,Ecologist,49083,Management
715,Raymond,Harter,raymond.harter@example.com,Advertising account planner,51693,Marketing
716,Tressa,Sandrock,tressa.sandrock@example.com,Forest/woodland manager,87797,Support
717,Leslie,Biggs,leslie.biggs@example.com,Social worker,59925,Data Analysis
718,Consuelo,Young,consuelo.young@example.com,Barrister,43106,Design
719,Willie,Davis,willie.davis@example.com,"Scientist, product/process development",78437,Data Analysis
720,Sandra,Williams,sandra.williams@example.com,Museum education officer,45761,Management
721,Terry,Mcgill,terry.mcgill@example.com,Housing manager/officer,75198,Design
722,Doreen,Busby,doreen.busby@example.com,Professor Emeritus,44114,Other
723,Justin,Hirt,justin.hirt@example.com,Firefighter,69858,Other
724,John,Hampton,john.hampton@example.com,Lobbyist,71844,Design
725,Chris,Dyer,chris.dyer@example.com,Telecommunications researcher,94057,Other
726,Kirk,Hunt,kirk.hunt@example.com,Nature conservation officer,45141,Finance
727,Scott,Katz,scott.katz@example.com,Rural practice surveyor,95266,Data Analysis
728,Zachary,Rowell,zachary.rowell@example.com,Naval architect,82339,HR
729,Annie,Darou,annie.darou@example.com,Marine scientist,41808,Sales
730,Jennie,Wilson,jennie.wilson@example.com,Meteorologist,40335,HR
731,Thomas,Cook,thomas.cook@example.com,"Development worker, international aid",58491,Management
732,Joe,Huff,joe.huff@example.com,"Engineer, control and instrumentation",62911,Sales
733,Janice,Anderson,janice.anderson@example.com,"Horticulturist, amenity",87641,Sales
734,Roger,Gonzalez,roger.gonzalez@example.com,Phytotherapist,64288,Finance
735,Albertine,Cole,albertine.cole@example.com,Interpreter,90590,Design
736,Gloria,Watson,gloria.watson@example.com,Meteorologist,42722,Marketing
737,Elizabeth,Hill,elizabeth.hill@example.com,Radio producer,87143,Marketing
738,Ofelia,Bieber,ofelia.bieber@example.com,Mechanical engineer,75164,Engineering
739,David,Kennedy,david.kennedy@example.com,Architectural technologist,41224,Engineering
740,Margaret,Mcgraw,margaret.mcgraw@example.com,Contracting civil engineer,92083,Support
741,Ronald,Delang,ronald.delang@example.com,"Teacher, special educational needs",70804,HR
742,Myrtice,Mackey,myrtice.mackey@example.com,Psychotherapist,41085,Data Analysis
743,Ma,Read,ma.read@example.com,"Lecturer, higher education",46852,Design
744,James,Johnson,james.johnson@example.com,"Teacher, secondary school",78398,Support
745,Carla,Mcleod,carla.mcleod@example.com,Proofreader,82174,Management
746,Ruby,Parker,ruby.parker@example.com,Investment analyst,59568,Design
747,Margaret,Truong,margaret.truong@example.com,Lexicographer,76539,HR
748,Brian,Russell,brian.russell@example.com,"Engineer, electronics",99313,Management
749,Tracy,Martin,tracy.martin@example.com,Therapeutic radiographer,53014,Finance
750,Mary,Kelm,mary.kelm@example.com,Art therapist,45156,Support
751,Carl,Kennedy,carl.kennedy@example.com,Psychiatric nurse,40245,Marketing
752,Veronica,Mclendon,veronica.mclendon@example.com,Lobbyist,85412,Data Analysis
753,Helen,Johnson,helen.johnson@example.com,Adult nurse,43880,Support
754,Diane,Mintz,diane.mintz@example.com,Secondary school teacher,49317,Engineering
755,Amy,Meeks,amy.meeks@example.com,Recruitment consultant,87173,Engineering
756,Andrew,Schuster,andrew.schuster@example.com,Musician,52004,Sales
757,Orville,Polizio,orville.polizio@example.com,Musician,84892,Marketing
758,Leslie,Freeman,leslie.freeman@example.com,"Surveyor, commercial/residential",99613,Engineering
759,Joseph,Zuleger,joseph.zuleger@example.com,Chief Operating Officer,74543,Data Analysis
760,Mario,Piatt,mario.piatt@example.com,Computer games developer,92475,HR
761,Doris,Simmons,doris.simmons@example.com,Town planner,63410,Design
762,Shannon,Garrett,shannon.garrett@example.com,Geophysical data processor,90728,Marketing
763,Jack,Goodwin,jack.goodwin@example.com,"Production assistant, television",62595,Management
764,David,Macky,david.macky@example.com,Special educational needs teacher,72320,Marketing
765,Virginia,Caballero,virginia.caballero@example.com,Information systems manager,57118,Support
766,Noemi,Simpson,noemi.simpson@example.com,"Engineer, automotive",82202,Sales
767,Jose,Cough,jose.cough@example.com,Computer games developer,66485,Marketing
768,Joseph,Hale,joseph.hale@example.com,Retail merchandiser,79946,Sales
769,Larry,Branch,larry.branch@example.com,Agricultural engineer,42869,HR
770,Michael,Bloxom,michael.bloxom@example.com,"Scientist, research (life sciences)",57671,Marketing
771,Barbara,Rushing,barbara.rushing@example.com,"Engineer, biomedical",66292,Other
772,Christine,Cross,christine.cross@example.com,Nature conservation officer,84381,Finance
773,John,Macy,john.macy@example.com,Theatre stage manager,76895,Marketing
774,Ruben,White,ruben.white@example.com,Hydrographic surveyor,63642,Management
775,Lawrence,Dinsmoor,lawrence.dinsmoor@example.com,"Buyer, industrial",42408,Marketing
776,Ann,Lemons,ann.lemons@example.com,Travel agency manager,60632,Engineering
777,Kelley,Abel,kelley.abel@example.com,Theme park manager,89908,Management
778,Casey,Woodward,casey.woodward@example.com,"Psychologist, forensic",51242,Data Analysis
779,Jessica,Sheets,jessica.sheets@example.com,"Engineer, maintenance",97668,Support
780,Charles,Neale,charles.neale@example.com,"Education officer, community",47960,Other
781,Albert,Read,albert.read@example.com,Licensed conveyancer,50899,Sales
782,Jose,Cranford,jose.cranford@example.com,"Surveyor, quantity",43134,Engineering
783,Jacqueline,Ng,jacqueline.ng@example.com,Animator,50807,Other
784,Kimberely,Brown,kimberely.brown@example.com,"Runner, broadcasting/film/video",92502,Other
785,Andrew,Maxwell,andrew.maxwell@example.com,"Engineer, technical sales",80977,Data Analysis
786,Donald,Williams,donald.williams@example.com,Interior and spatial designer,52026,Support
787,Robert,Ferrigno,robert.ferrigno@example.com,"Therapist, drama",88287,Sales
788,Derek,Eberle,derek.eberle@example.com,"Scientist, research (life sciences)",72512,HR
789,Malcolm,Rowell,malcolm.rowell@example.com,"Scientist, physiological",53479,Sales
790,Alonzo,Escamilla,alonzo.escamilla@example.com,Consulting civil engineer,93739,Other
791,Brian,Cunningham,brian.cunningham@example.com,Lawyer,91197,Marketing
792,Paul,Madore,paul.madore@example.com,Chief Financial Officer,49686,Engineering
793,Carmen,Maxwell,carmen.maxwell@example.com,Technical brewer,49012,Support
794,Kim,Johnson,kim.johnson@example.com,Chief Financial Officer,87902,Sales
795,Felix,Barrett,felix.barrett@example.com,"Therapist, occupational",48597,Marketing
796,Margaret,Delvalle,margaret.delvalle@example.com,Publishing rights manager,76451,Marketing
797,Alexandra,Crays,alexandra.crays@example.com,Lobbyist,79936,HR
798,Robert,Taylor,robert.taylor@example.com,"Designer, industrial/product",60619,Marketing
799,Billy,Escudero,billy.escudero@example.com,Chief Strategy Officer,69245,Support
800,Heather,Foster,heather.foster@example.com,"Presenter, broadcasting",51496,HR
801,Lauren,Orabuena,lauren.orabuena@example.com,Sports development officer,61393,HR
802,John,Duckworth,john.duckworth@example.com,"Presenter, broadcasting",86654,Sales
803,John,Peters,john.peters@example.com,Amenity horticulturist,41380,Engineering
804,Heather,Durrance,heather.durrance@example.com,"Conservator, furniture",73093,Marketing
805,Jose,Akerley,jose.akerley@example.com,Police officer,48759,Sales
806,Freddie,Fuchs,freddie.fuchs@example.com,Health visitor,71142,Sales
807,Willie,Greenhaw,willie.greenhaw@example.com,Fitness centre manager,73109,Sales
808,Mary,King,mary.king@example.com,Mining engineer,90309,Design
809,Michelle,Correa,michelle.correa@example.com,Physiotherapist,73698,Engineering
810,Freddy,Lopez,freddy.lopez@example.com,"Lighting technician, broadcasting/film/video",66377,Management
811,Arlene,Lambert,arlene.lambert@example.com,Barrister's clerk,78619,Data Analysis
812,Andrew,Pomeranz,andrew.pomeranz@example.com,Higher education careers adviser,41705,Design
813,Orval,Alvarado,orval.alvarado@example.com,Patent attorney,81002,Sales
814,Alice,Romero,alice.romero@example.com,"Runner, broadcasting/film/video",80587,Support
815,Ouida,Liv,ouida.liv@example.com,"Designer, industrial/product",60386,Data Analysis
816,Evelyn,Luther,evelyn.luther@example.com,"Civil engineer, consulting",52190,Marketing
817,Janee,Thompson,janee.thompson@example.com,"Psychologist, occupational",72975,Finance
818,James,Pham,james.pham@example.com,"Designer, jewellery",49171,Data Analysis
819,Antonio,Adams,antonio.adams@example.com,Oncologist,49823,Sales
820,Lindsey,Shelton,lindsey.shelton@example.com,Rural practice surveyor,76031,Support
821,Jessica,Farrell,jessica.farrell@example.com,TEFL teacher,42041,Data Analysis
822,Barbara,Hayter,barbara.hayter@example.com,Dancer,57836,Engineering
823,Melody,Benavides,melody.benavides@example.com,Diplomatic Services operational officer,51570,Marketing
824,Vivian,Glass,vivian.glass@example.com,"Civil engineer, contracting",44799,Other
825,Melissa,Morrison,melissa.morrison@example.com,Drilling engineer,61526,Other
826,Gene,Kryder,gene.kryder@example.com,"Engineer, land",43033,Management
827,Geraldine,Cannon,geraldine.cannon@example.com,"Engineer, chemical",76733,Design
828,Kathleen,James,kathleen.james@example.com,Biomedical engineer,87649,Other
829,Rodger,Combs,rodger.combs@example.com,Product/process development scientist,99247,Other
830,Joyce,Brown,joyce.brown@example.com,Air broker,62656,Sales
831,Beth,Patterson,beth.patterson@example.com,Travel agency manager,69486,Other
832,Christine,Mullen,christine.mullen@example.com,Brewing technologist,41979,Support
833,Belen,Esler,belen.esler@example.com,Senior tax professional/tax inspector,69582,Engineering
834,Tyler,Patrick,tyler.patrick@example.com,"Pharmacist, hospital",65552,Sales
835,Darin,Black,darin.black@example.com,"Therapist, drama",56421,Sales
836,Jason,Goins,jason.goins@example.com,Actor,76743,Sales
837,Richard,Wooten,richard.wooten@example.com,Clinical psychologist,43830,Sales
838,Felix,Cox,felix.cox@example.com,Corporate treasurer,92974,Sales
839,Samuel,Moore,samuel.moore@example.com,Chiropractor,80358,Marketing
840,Latoya,Caviness,latoya.caviness@example.com,Science writer,62772,Data Analysis
841,William,Muraro,william.muraro@example.com,"Psychologist, prison and probation services",70224,Support
842,Kathleen,Turco,kathleen.turco@example.com,Financial adviser,86515,Marketing
843,Aimee,Aoki,aimee.aoki@example.com,"Pilot, airline",88317,Other
844,Jacklyn,Hartung,jacklyn.hartung@example.com,Tourism officer,73476,HR
845,David,Larve,david.larve@example.com,Air broker,62809,Finance
846,Michael,Oliver,michael.oliver@example.com,"Producer, television/film/video",77861,Other
847,Christina,Beedle,christina.beedle@example.com,"Scientist, water quality",91583,Support
848,Sharon,Vaughan,sharon.vaughan@example.com,Market researcher,83058,Marketing
849,Martha,Walker,martha.walker@example.com,"Scientist, research (medical)",66513,Engineering
850,Kathryn,Harmon,kathryn.harmon@example.com,"Editor, magazine features",65333,Management
851,Lyman,Gilmore,lyman.gilmore@example.com,Community arts worker,68719,Support
852,Orlando,Garcia,orlando.garcia@example.com,Systems developer,87301,HR
853,Daniel,Rich,daniel.rich@example.com,"Administrator, local government",91537,Data Analysis
854,Tracie,Whitacre,tracie.whitacre@example.com,"Designer, fashion/clothing",66564,Finance
855,Craig,Walker,craig.walker@example.com,Product/process development scientist,70462,Engineering
856,Morris,Smith,morris.smith@example.com,Company secretary,92681,Data Analysis
857,Cassandra,Marcello,cassandra.marcello@example.com,Broadcast journalist,83008,Management
858,Paul,Taylor,paul.taylor@example.com,Health and safety inspector,72641,Data Analysis
859,Michael,Beaty,michael.beaty@example.com,"Psychologist, occupational",45202,Engineering
860,Brian,Snoke,brian.snoke@example.com,"Administrator, local government",43660,Finance
861,Edward,Skaggs,edward.skaggs@example.com,Podiatrist,74499,Design
862,Kathy,Beatty,kathy.beatty@example.com,Chief Strategy Officer,87397,Engineering
863,Vickie,Burnett,vickie.burnett@example.com,Sales promotion account executive,66262,Data Analysis
864,Kevin,Buckley,kevin.buckley@example.com,Medical secretary,63800,Data Analysis
865,Clara,Rebuldela,clara.rebuldela@example.com,"Therapist, occupational",81580,Sales
866,Todd,Coughlin,todd.coughlin@example.com,Animal technologist,52181,Engineering
867,Cody,Cahn,cody.cahn@example.com,Multimedia programmer,61626,Management
868,Gloria,Laskoski,gloria.laskoski@example.com,Fisheries officer,85300,Management
869,Steven,Dais,steven.dais@example.com,Animal technologist,96141,Marketing
870,Edward,Minteer,edward.minteer@example.com,"Scientist, clinical (histocompatibility and immunogenetics)",90784,Finance
871,Eva,Yeldell,eva.yeldell@example.com,Clinical biochemist,62169,Marketing
872,Leo,Smith,leo.smith@example.com,"Secretary, company",45756,Management
873,Marianne,French,marianne.french@example.com,Operational researcher,66765,Other
874,Jonell,Ludwig,jonell.ludwig@example.com,Chiropractor,98950,Data Analysis
875,Karen,Powell,karen.powell@example.com,"Therapist, horticultural",50584,Sales
876,April,Jackson,april.jackson@example.com,Restaurant manager,79690,Design
877,Terrence,Lenior,terrence.lenior@example.com,Land/geomatics surveyor,60941,Marketing
878,Phylis,Brooks,phylis.brooks@example.com,Advice worker,70791,Other
879,Carmen,Kimble,carmen.kimble@example.com,"Designer, fashion/clothing",74337,Design
880,Marvin,Smith,marvin.smith@example.com,Office manager,44634,Marketing
881,Selma,Stellmacher,selma.stellmacher@example.com,Lexicographer,98904,Management
882,Randy,Morton,randy.morton@example.com,Dentist,62628,Engineering
883,Aaron,Speedy,aaron.speedy@example.com,English as a second language teacher,52235,Finance
884,Darron,Chatterton,darron.chatterton@example.com,Animal nutritionist,56437,Data Analysis
885,Louise,Dunn,louise.dunn@example.com,Architectural technologist,86937,Design
886,Tyler,Hanson,tyler.hanson@example.com,Bonds trader,65994,Engineering
887,Travis,Rushing,travis.rushing@example.com,Paramedic,96769,Engineering
888,Dawna,Bowen,dawna.bowen@example.com,Games developer,40327,Data Analysis
889,Billy,Gordon,billy.gordon@example.com,Banker,67357,Other
890,Kristen,Harris,kristen.harris@example.com,Geographical information systems officer,79118,Other
891,Clyde,Minor,clyde.minor@example.com,Physiological scientist,65263,Management
892,Janice,Amato,janice.amato@example.com,Fisheries officer,83097,Management
893,Rex,Rose,rex.rose@example.com,Furniture designer,46852,Management
894,John,Butler,john.butler@example.com,Stage manager,69862,Other
895,Ruth,Manning,ruth.manning@example.com,Contractor,87101,Sales
896,Shannon,Walker,shannon.walker@example.com,"Scientist, product/process development",93316,Other
897,Dennis,Campbell,dennis.campbell@example.com,Contractor,64835,Management
898,Robert,Velazquez,robert.velazquez@example.com,Radiation protection practitioner,69374,Engineering
899,John,Harris,john.harris@example.com,Barrister's clerk,43404,Sales
900,Adolfo,Kreiter,adolfo.kreiter@example.com,Media buyer,84769,Finance
901,Daniel,Torrez,daniel.torrez@example.com,"Horticulturist, commercial",88241,Marketing
902,Dawn,Parsons,dawn.parsons@example.com,Magazine journalist,62916,Other
903,Andrea,Howell,andrea.howell@example.com,"Teacher, primary school",68321,Design
904,Amalia,Villarreal,amalia.villarreal@example.com,Museum/gallery conservator,57210,Sales
905,Martha,Ogata,martha.ogata@example.com,Patent examiner,44183,Sales
906,Kieth,Robinson,kieth.robinson@example.com,"Buyer, industrial",95294,Management
907,Joseph,Meja,joseph.meja@example.com,"Buyer, retail",58105,Marketing
908,Margarita,Brown,margarita.brown@example.com,Media planner,44966,Finance
909,Essie,Arellano,essie.arellano@example.com,Advertising art director,95107,Design
910,Alexander,Wood,alexander.wood@example.com,Actor,58092,HR
911,Terry,Brunet,terry.brunet@example.com,Hospital doctor,75104,Management
912,Antonio,Marks,antonio.marks@example.com,"Programmer, systems",49006,Management
913,Barbara,Bills,barbara.bills@example.com,Sub,71131,Finance
914,George,Nelson,george.nelson@example.com,"Administrator, education",87019,Engineering
915,Oliver,Smith,oliver.smith@example.com,Games developer,73952,Design
916,Joe,Haynes,joe.haynes@example.com,Insurance claims handler,80574,Support
917,Mattie,Barrios,mattie.barrios@example.com,Technical brewer,92588,Design
918,Richard,Sutton,richard.sutton@example.com,Armed forces logistics/support/administrative officer,65913,Other
919,Marilynn,Calo,marilynn.calo@example.com,"Designer, furniture",56361,Management
920,Derek,Ridgeway,derek.ridgeway@example.com,Cartographer,92805,Engineering
921,Dean,Bischoff,dean.bischoff@example.com,Hospital doctor,54875,Finance
922,Ellen,Terracina,ellen.terracina@example.com,"Buyer, industrial",97233,Other
923,Mary,Parker,mary.parker@example.com,Armed forces training and education officer,64217,Support
924,Benjamin,Carter,benjamin.carter@example.com,Magazine features editor,77434,Data Analysis
925,Nina,Cutchall,nina.cutchall@example.com,Naval architect,95562,HR
926,Heriberto,Ferranti,heriberto.ferranti@example.com,"Accountant, chartered management",84498,Finance
927,Janella,Horton,janella.horton@example.com,Special effects artist,89262,Data Analysis
928,Kimberly,Bowen,kimberly.bowen@example.com,Race relations officer,94807,HR
929,Luis,Gardner,luis.gardner@example.com,"Sound technician, broadcasting/film/video",90970,Support
930,Maria,Camper,maria.camper@example.com,Set designer,58477,Design
931,Constance,Ramos,constance.ramos@example.com,"Producer, television/film/video",80615,Finance
932,Alfonso,Graham,alfonso.graham@example.com,Clinical biochemist,53518,Data Analysis
933,Greg,Colbert,greg.colbert@example.com,"Horticulturist, amenity",85948,Design
934,Nicholas,Dillahunt,nicholas.dillahunt@example.com,"Engineer, drilling",93931,Finance
935,Thurman,Dickson,thurman.dickson@example.com,Archaeologist,50349,Marketing
936,Michelle,Whittaker,michelle.whittaker@example.com,Ceramics designer,40138,Support
937,Melissa,Smith,melissa.smith@example.com,Civil Service administrator,44776,Support
938,Timothy,Langone,timothy.langone@example.com,Petroleum engineer,98153,Support
939,Angel,Meador,angel.meador@example.com,"Civil engineer, contracting",59549,Other
940,Terrance,Barela,terrance.barela@example.com,"Editor, magazine features",64737,Engineering
941,James,Honda,james.honda@example.com,Animal nutritionist,44726,Design
942,Rafael,Saunders,rafael.saunders@example.com,"Radiographer, diagnostic",85271,Other
943,David,Warren,david.warren@example.com,Chartered legal executive (England and Wales),95560,Sales
944,Peter,Pritchett,peter.pritchett@example.com,Transport planner,59780,Finance
945,Jody,Dolphin,jody.dolphin@example.com,Astronomer,53566,Other
946,Katrina,Olmstead,katrina.olmstead@example.com,Hydrographic surveyor,82098,Data Analysis
947,Phyllis,Hayes,phyllis.hayes@example.com,Neurosurgeon,96402,Engineering
948,Maria,Martin,maria.martin@example.com,Administrator,44229,Finance
949,Timothy,Johnson,timothy.johnson@example.com,Advertising account planner,75947,Engineering
950,Dean,Tipka,dean.tipka@example.com,Careers adviser,50910,Sales
951,David,Whelan,david.whelan@example.com,Corporate treasurer,44038,Other
952,Beulah,Devoe,beulah.devoe@example.com,Insurance risk surveyor,69282,Management
953,Candice,Person,candice.person@example.com,Manufacturing engineer,97871,Engineering
954,John,Williams,john.williams@example.com,Data scientist,96171,HR
955,Elizabeth,Martin,elizabeth.martin@example.com,Communications engineer,64234,Design
956,Edward,Seese,edward.seese@example.com,Ambulance person,74009,Design
957,Rebecca,Davis,rebecca.davis@example.com,"Accountant, chartered management",59359,Other
958,Charlotte,Crawford,charlotte.crawford@example.com,"Therapist, sports",41522,Marketing
959,Rebecca,Deaver,rebecca.deaver@example.com,"Accountant, chartered",78634,Design
960,Roger,Barnes,roger.barnes@example.com,Food technologist,88611,Management
961,Benjamin,Cortez,benjamin.cortez@example.com,Armed forces training and education officer,81989,Sales
962,Henry,Phillips,henry.phillips@example.com,Further education lecturer,99643,Finance
963,Kris,Gard,kris.gard@example.com,Merchant navy officer,53795,Management
964,Matthew,Nettles,matthew.nettles@example.com,"Scientist, research (physical sciences)",58330,Support
965,Jayne,Solomon,jayne.solomon@example.com,Jewellery designer,97547,Finance
966,Margaret,Correy,margaret.correy@example.com,Network engineer,99795,Design
967,Joe,Travis,joe.travis@example.com,Insurance account manager,83815,Finance
968,Robert,Snyder,robert.snyder@example.com,Quantity surveyor,88920,HR
969,Ron,Flowers,ron.flowers@example.com,Petroleum engineer,74209,Marketing
970,John,Sargent,john.sargent@example.com,Equality and diversity officer,97476,Finance
971,John,Mulch,john.mulch@example.com,IT sales professional,78501,Support
972,William,Libby,william.libby@example.com,Microbiologist,79266,Design
973,Steven,Thrasher,steven.thrasher@example.com,"Teacher, music",85403,Finance
974,Ryan,King,ryan.king@example.com,"Administrator, charities/voluntary organisations",75756,Support
975,Tad,Vincent,tad.vincent@example.com,Market researcher,99159,Design
976,Nina,Hinkle,nina.hinkle@example.com,Clinical psychologist,59956,Sales
977,Daniel,Johnston,daniel.johnston@example.com,Chief Executive Officer,73056,Support
978,Anne,Crisafi,anne.crisafi@example.com,Ranger/warden,86922,Engineering
979,Jessie,Martin,jessie.martin@example.com,Chartered accountant,84183,Sales
980,Jerry,Milla,jerry.milla@example.com,Meteorologist,51316,Finance
981,Caroline,Williams,caroline.williams@example.com,"Research officer, political party",79794,Support
982,Dennis,Brown,dennis.brown@example.com,Medical technical officer,83551,Design
983,Betty,Higginbotham,betty.higginbotham@example.com,Chief Financial Officer,59997,Design
984,Lu,Neal,lu.neal@example.com,"Secretary, company",94396,Management
985,Catherine,Pineiro,catherine.pineiro@example.com,Health service manager,73793,Marketing
986,John,Vincent,john.vincent@example.com,Financial manager,54068,Other
987,Gary,Volpe,gary.volpe@example.com,Fisheries officer,68571,Data Analysis
988,Rusty,Calvert,rusty.calvert@example.com,Higher education careers adviser,67043,Engineering
989,Ruth,White,ruth.white@example.com,Colour technologist,95930,Marketing
990,Kathleen,Fuller,kathleen.fuller@example.com,"Engineer, mining",86932,Support
991,Chi,Bueno,chi.bueno@example.com,Health and safety inspector,89036,Sales
992,Mario,Anderson,mario.anderson@example.com,Equities trader,49759,Finance
993,Vera,Rodrigez,vera.rodrigez@example.com,Agricultural engineer,68892,Sales
994,Kathy,Martinez,kathy.martinez@example.com,Volunteer coordinator,61380,Marketing
995,Charles,Nix,charles.nix@example.com,Fish farm manager,40017,Sales
996,Anita,Murray,anita.murray@example.com,Video editor,63635,Engineering
997,Clarence,Watts,clarence.watts@example.com,Tax adviser,70082,Finance
998,Mike,Black,mike.black@example.com,"Therapist, sports",49336,Sales
999,Patricia,Phillips,patricia.phillips@example.com,Herpetologist,61252,Management
1000,Joseph,Hernandez,joseph.hernandez@example.com,Occupational hygienist,70652,Management
